role,file_name
Reverse,183158.json
Affirm,142231.json
Affirm,142216.json
Affirm,142228.json
Reverse,77124.json
Reverse,17799.json
Reverse,106478.json
Reverse,77173.json
Reverse,106552.json
Affirm,183166.json
Affirm,77176.json
Reverse,77128.json
Affirm,17203.json
Affirm,77130.json
Affirm,106480.json
Affirm,77133.json
Reverse,142199.json
Reverse,18150.json
Affirm,15945.json
Affirm,17773.json
Reverse,106571.json
Affirm,106544.json
Reverse,77164.json
Affirm,18203.json
Affirm,77131.json
Reverse,142179.json
Affirm,17518.json
Affirm,15757.json
Reverse,183162.json
Affirm,77116.json
Affirm,15627.json
Reverse,15512.json
Reverse,106507.json
Reverse,106566.json
Affirm,106567.json
Affirm,77117.json
Affirm,142257.json
Reverse,77136.json
Reverse,18237.json
Affirm,106542.json
Reverse,17828.json
Affirm,18034.json
Reverse,106526.json
Affirm,77114.json
Reverse,15933.json
Reverse,77138.json
Affirm,183156.json
Affirm,142205.json
Affirm,18750.json
Affirm,15907.json
Affirm,183154.json
Reverse,18357.json
Reverse,106527.json
Affirm,15646.json
Affirm,77185.json
Affirm,106572.json
Affirm,77146.json
Reverse,15581.json
Reverse,17733.json
Reverse,17424.json
Reverse,142256.json
Reverse,77159.json
Reverse,142182.json
Affirm,106498.json
Affirm,77165.json
Reverse,183164.json
Affirm,142192.json
Affirm,18584.json
Reverse,77119.json
Reverse,77129.json
Affirm,18637.json
Affirm,77167.json
Reverse,142200.json
Reverse,106511.json
Reverse,77202.json
Reverse,77168.json
Affirm,17405.json
Affirm,17894.json
Affirm,18332.json
Affirm,77169.json
Affirm,18439.json
Reverse,77184.json
Reverse,183159.json
Reverse,142197.json
Reverse,106505.json
Affirm,15705.json
Affirm,142204.json
Reverse,15926.json
Reverse,106477.json
Affirm,142247.json
Affirm,77166.json
Affirm,15692.json
Affirm,17306.json
Reverse,15923.json
Reverse,15891.json
Affirm,77148.json
Reverse,77118.json
Affirm,106502.json
Affirm,142191.json
Reverse,77151.json
Affirm,106573.json
Affirm,106560.json
Reverse,15688.json
Reverse,142220.json
Reverse,204474.json
Reverse,106515.json
Affirm,142172.json
Affirm,18780.json
Affirm,106520.json
Reverse,77174.json
Affirm,15816.json
Affirm,15873.json
Affirm,142169.json
Affirm,77198.json
Affirm,106539.json
Affirm,142183.json
Reverse,17779.json
Affirm,106493.json
Affirm,106532.json
Affirm,183155.json
Affirm,106522.json
Reverse,142250.json
Affirm,142210.json
Affirm,106548.json
Affirm,15847.json
Affirm,15682.json
Reverse,17225.json
Affirm,15897.json
Affirm,142185.json
Affirm,15734.json
Reverse,15713.json
Affirm,15900.json
Reverse,77134.json
Affirm,77187.json
Affirm,106513.json
Affirm,18793.json
Affirm,142234.json
Reverse,15534.json
Reverse,106543.json
Reverse,106556.json
Affirm,17246.json
Reverse,77200.json
Affirm,17456.json
Reverse,15639.json
Affirm,106570.json
Reverse,17722.json
Reverse,142223.json
Affirm,106496.json
Reverse,142233.json
Affirm,106568.json
Affirm,15610.json
Affirm,15780.json
Reverse,17275.json
Reverse,106497.json
Affirm,17119.json
Reverse,77143.json
Reverse,17217.json
Affirm,77155.json
Affirm,142259.json
Affirm,106512.json
Reverse,18260.json
Affirm,77125.json
Affirm,106487.json
Affirm,17149.json
Affirm,18465.json
Reverse,15740.json
Reverse,106529.json
Reverse,15579.json
Affirm,106541.json
Reverse,106533.json
Affirm,142245.json
Affirm,142251.json
Affirm,106551.json
Reverse,17339.json
Affirm,106485.json
Affirm,15620.json
Reverse,15727.json
Reverse,142195.json
Affirm,15570.json
Reverse,142198.json
Reverse,77181.json
Reverse,15904.json
Affirm,142218.json
Affirm,142217.json
Affirm,18218.json
Reverse,18276.json
Affirm,18530.json
Affirm,142222.json
Affirm,106559.json
Reverse,18577.json
Reverse,77121.json
Reverse,15936.json
Reverse,15878.json
Reverse,142248.json
Affirm,183161.json
Affirm,142211.json
Affirm,77203.json
Reverse,77172.json
Affirm,106535.json
Affirm,15915.json
Reverse,106534.json
Affirm,142168.json
Reverse,142201.json
Affirm,142173.json
Reverse,77139.json
Affirm,142184.json
Affirm,142193.json
Reverse,18079.json
Affirm,77153.json
Affirm,77201.json
Affirm,183160.json
Affirm,15542.json
Affirm,106488.json
Affirm,106503.json
Reverse,106584.json
Affirm,77182.json
Affirm,183157.json
Affirm,106492.json
Reverse,77161.json
Reverse,77145.json
Affirm,15825.json
Affirm,142244.json
Affirm,18013.json
Reverse,106550.json
Reverse,106578.json
Reverse,15805.json
Affirm,77195.json
Reverse,77194.json
Affirm,106564.json
Affirm,77190.json
Reverse,15775.json
Affirm,17868.json
Reverse,106546.json
Reverse,15709.json
Affirm,142194.json
Affirm,17993.json
Affirm,18668.json
Affirm,106558.json
Reverse,77126.json
Affirm,106483.json
Affirm,15941.json
Affirm,106525.json
Affirm,106555.json
Affirm,142196.json
Affirm,15719.json
Affirm,142224.json
Affirm,106486.json
Reverse,77193.json
Affirm,77183.json
Reverse,142235.json
Reverse,183165.json
Affirm,17159.json
Reverse,77137.json
Affirm,142240.json
Affirm,17109.json
Affirm,15736.json
Affirm,15744.json
Affirm,18063.json
Affirm,18680.json
Reverse,15859.json
Affirm,106519.json
Reverse,17915.json
Affirm,15954.json
Affirm,77111.json
Reverse,106579.json
Affirm,15928.json
Affirm,77110.json
Reverse,142227.json
Reverse,15887.json
Affirm,15855.json
Affirm,15772.json
Reverse,15798.json
Reverse,17669.json
Affirm,15723.json
Reverse,77180.json
Reverse,106538.json
Reverse,77162.json
Affirm,15784.json
Reverse,17387.json
Affirm,18567.json
Affirm,183167.json
Affirm,18448.json
Reverse,77160.json
Reverse,15587.json
Reverse,15530.json
Affirm,142215.json
Reverse,106547.json
Affirm,142239.json
Affirm,77156.json
Affirm,142214.json
Affirm,142221.json
Reverse,106490.json
Affirm,77192.json
Reverse,106524.json
Affirm,106553.json
Reverse,18641.json
Affirm,142206.json
Affirm,15496.json
Affirm,77142.json
Reverse,15876.json
Reverse,77115.json
Reverse,142207.json
Affirm,18647.json
Affirm,142232.json
Reverse,77147.json
Reverse,77170.json
Reverse,77197.json
Reverse,142202.json
Affirm,15753.json
Affirm,106491.json
Affirm,77189.json
Affirm,18654.json
Reverse,142243.json
Reverse,106561.json
Affirm,142229.json
Affirm,142230.json
Affirm,77196.json
Affirm,77177.json
Reverse,106565.json
Affirm,17318.json
Reverse,77109.json
Affirm,142187.json
Affirm,15525.json
Affirm,142246.json
Reverse,15837.json
Affirm,77150.json
Affirm,15559.json
Affirm,142174.json
Reverse,142175.json
Affirm,106528.json
Affirm,17491.json
Affirm,142190.json
Affirm,18052.json
Affirm,106586.json
Reverse,17129.json
Reverse,106521.json
Reverse,15539.json
Reverse,106562.json
Reverse,15894.json
Reverse,142208.json
Affirm,15521.json
Reverse,15501.json
Reverse,17598.json
Affirm,77178.json
Affirm,18707.json
Affirm,77149.json
Reverse,15573.json
Reverse,77127.json
Affirm,106500.json
Affirm,106577.json
Affirm,15792.json
Affirm,142226.json
Reverse,106563.json
Reverse,77144.json
Affirm,142213.json
Reverse,15591.json
Reverse,77158.json
Affirm,17842.json
Affirm,18767.json
Affirm,15951.json
Affirm,106514.json
Reverse,15642.json
Reverse,15658.json
Affirm,77157.json
Reverse,15762.json
Affirm,15636.json
Reverse,18391.json
Affirm,142237.json
Affirm,142181.json
Affirm,106549.json
Affirm,106481.json
Affirm,18615.json
Reverse,17648.json
Affirm,142170.json
Affirm,106499.json
Reverse,106516.json
Affirm,106501.json
Affirm,77199.json
Reverse,18319.json
Affirm,77123.json
Affirm,106536.json
Affirm,15867.json
Reverse,106554.json
Affirm,77135.json
Affirm,18311.json
Affirm,142258.json
Affirm,106518.json
